{
  "dli_weights": {
    "continuity": 0.31933829489803606,
    "infrastructure": 0.39371583736989474,
    "stability": 0.08750704426361779,
    "market_locking_power": 0.19943882346845146
  },
  "pca_explained_variance": 0.3447487815342639,
  "standardization_params": {
    "mean": [
      0.8783416292513769,
      6.069377432364682,
      1.9478453196380474,
      0.003463210251355896
    ],
    "scale": [
      0.23049575747042236,
      4.32558860621213,
      1.2403135715897808,
      0.03377419792585888
    ]
  },
  "generation_timestamp": "2025-08-15T00:09:25.935696",
  "data_summary": {
    "total_records": 27643,
    "year_range": [
      2001,
      2024
    ],
    "num_partners": 221,
    "num_products": 4
  }
}