variable,did_coefficient,did_std_error,did_t_statistic,did_p_value,significant_5pct,significant_10pct,r_squared,n_observations,ci_lower,ci_upper
dli_composite_adjusted,-0.19315962113731755,0.09763874480239577,-1.978309138736265,0.047893842788088205,True,True,0.655073818096422,1675,-0.38452804444571065,-0.0017911978289244235
continuity,-0.06496923300272635,0.014582597237803592,-4.455257999878211,8.379236626232059e-06,True,True,0.06404724539609596,1675,-0.09355059838987466,-0.03638786761557804
infrastructure,-0.019660510347002613,0.06495675233557036,-0.30267077155328326,0.7621407745021596,False,False,0.9856526893484211,1675,-0.14697340547740856,0.10765238478340333
stability,0.8135812100247186,0.3403174815900523,2.3906535927083565,0.016818412832747494,True,True,0.12976432714023067,1675,0.14657120279884317,1.480591217250594
market_locking_power,-0.026885250540226467,0.012767270330278765,-2.105794727042444,0.03522218707386566,True,True,0.3801530788397838,1675,-0.051908640568459646,-0.001861860511993288
