{
  "analysis_type": "092_final_econometric_model_core_importers",
  "sample_suffix": "_core_importers",
  "sample_description": "core importers",
  "models": {
    "price_channel": {
      "model_name": "model_5a_price_channel_lp_irf",
      "model_type": "price_channel_lp_irf",
      "status": "success",
      "status_message": "价格通道LP-IRF估计成功，5个预测期",
      "horizon_results": {
        "0": {
          "horizon": 0,
          "theta_coefficient": 22.29276696203616,
          "theta_std_error": 20.238576873729695,
          "theta_p_value": 0.27071380215702123,
          "theta_ci_lower": -17.37484371047404,
          "theta_ci_upper": 61.96037763454636,
          "theta_significant": "False",
          "expected_sign_correct": "False",
          "r_squared": 0.0019124286570605387,
          "n_obs": 7817,
          "all_coefficients": {
            "shock_ovi_interaction": 22.29276696203616,
            "shock_distance_interaction": -0.006303469463354562,
            "log_gdp": 1.888543403068556,
            "log_population": -17.655385455615704
          },
          "all_p_values": {
            "shock_ovi_interaction": 0.27071380215702123,
            "shock_distance_interaction": 0.5232876888858944,
            "log_gdp": 0.8799467598627331,
            "log_population": 0.6617677704291722
          }
        },
        "1": {
          "horizon": 1,
          "theta_coefficient": 21.165640772607706,
          "theta_std_error": 19.317830983340833,
          "theta_p_value": 0.27326469290891753,
          "theta_ci_lower": -16.697307954740328,
          "theta_ci_upper": 59.02858949995574,
          "theta_significant": "False",
          "expected_sign_correct": "False",
          "r_squared": 0.0017613217801143444,
          "n_obs": 7800,
          "all_coefficients": {
            "shock_ovi_interaction": 21.165640772607706,
            "shock_distance_interaction": -0.006111376947698687,
            "log_gdp": 2.236593586172685,
            "log_population": -17.19352078714039
          },
          "all_p_values": {
            "shock_ovi_interaction": 0.27326469290891753,
            "shock_distance_interaction": 0.5159328607288547,
            "log_gdp": 0.8572593339097334,
            "log_population": 0.6698552392605321
          }
        },
        "2": {
          "horizon": 2,
          "theta_coefficient": 20.077105975672257,
          "theta_std_error": 18.449807647636636,
          "theta_p_value": 0.27654015078215877,
          "theta_ci_lower": -16.08451701369555,
          "theta_ci_upper": 56.23872896504007,
          "theta_significant": "False",
          "expected_sign_correct": "False",
          "r_squared": 0.0016416979789312114,
          "n_obs": 7783,
          "all_coefficients": {
            "shock_ovi_interaction": 20.077105975672257,
            "shock_distance_interaction": -0.005910577569494522,
            "log_gdp": 2.5782099701455037,
            "log_population": -16.984923722474015
          },
          "all_p_values": {
            "shock_ovi_interaction": 0.27654015078215877,
            "shock_distance_interaction": 0.5092155590404857,
            "log_gdp": 0.8348275843269224,
            "log_population": 0.6750850957177836
          }
        },
        "3": {
          "horizon": 3,
          "theta_coefficient": 19.060533594502814,
          "theta_std_error": 17.636659463759713,
          "theta_p_value": 0.2798493527316688,
          "theta_ci_lower": -15.507318954466221,
          "theta_ci_upper": 53.62838614347185,
          "theta_significant": "False",
          "expected_sign_correct": "False",
          "r_squared": 0.0015609629825641402,
          "n_obs": 7765,
          "all_coefficients": {
            "shock_ovi_interaction": 19.060533594502814,
            "shock_distance_interaction": -0.005719189001675733,
            "log_gdp": 2.9238843819614115,
            "log_population": -17.22394192715021
          },
          "all_p_values": {
            "shock_ovi_interaction": 0.2798493527316688,
            "shock_distance_interaction": 0.5020686850557436,
            "log_gdp": 0.811956892265215,
            "log_population": 0.6735229851089155
          }
        },
        "4": {
          "horizon": 4,
          "theta_coefficient": 18.068399423840827,
          "theta_std_error": 16.864062839304705,
          "theta_p_value": 0.28401676076663773,
          "theta_ci_lower": -14.985163741196391,
          "theta_ci_upper": 51.12196258887805,
          "theta_significant": "False",
          "expected_sign_correct": "False",
          "r_squared": 0.0015031494927244538,
          "n_obs": 7747,
          "all_coefficients": {
            "shock_ovi_interaction": 18.068399423840827,
            "shock_distance_interaction": -0.00552314105840774,
            "log_gdp": 3.264392682108527,
            "log_population": -17.68132832322128
          },
          "all_p_values": {
            "shock_ovi_interaction": 0.28401676076663773,
            "shock_distance_interaction": 0.49514085283409104,
            "log_gdp": 0.7892526901654604,
            "log_population": 0.6691678566341093
          }
        }
      },
      "horizons_estimated": [
        0,
        1,
        2,
        3,
        4
      ],
      "n_horizons": 5,
      "dependent_variable": "P_lng (LNG价格)",
      "core_interaction": "us_prod_shock × ovi_gas_lag1",
      "expected_sign": "negative (缓冲价格冲击)",
      "data_available": true,
      "total_sample_size": 11026
    },
    "quantity_channel": {
      "model_name": "model_5b_quantity_channel_lp_irf",
      "model_type": "quantity_channel_lp_irf",
      "status": "success",
      "status_message": "数量通道LP-IRF估计成功，5个预测期",
      "horizon_results": {
        "0": {
          "horizon": 0,
          "theta_coefficient": -0.041442013350686625,
          "theta_std_error": 0.2679064255684093,
          "theta_p_value": 0.8770701531361447,
          "theta_ci_lower": -0.5665386074647689,
          "theta_ci_upper": 0.4836545807633956,
          "theta_significant": "False",
          "expected_sign_correct": "True",
          "r_squared": 0.02549280715691693,
          "n_obs": 9905,
          "all_coefficients": {
            "shock_ovi_interaction": -0.041442013350686625,
            "shock_distance_interaction": 0.0003173325781633941,
            "log_gdp": 0.20555442845692878,
            "log_population": -3.042131605838306
          },
          "all_p_values": {
            "shock_ovi_interaction": 0.8770701531361447,
            "shock_distance_interaction": 0.07627996187697872,
            "log_gdp": 0.28477289878260303,
            "log_population": 0.09902801013945406
          }
        },
        "1": {
          "horizon": 1,
          "theta_coefficient": -0.05378175829423014,
          "theta_std_error": 0.2578895347843682,
          "theta_p_value": 0.8348072104204896,
          "theta_ci_lower": -0.5592452464715918,
          "theta_ci_upper": 0.4516817298831315,
          "theta_significant": "False",
          "expected_sign_correct": "True",
          "r_squared": 0.024979378977696642,
          "n_obs": 9883,
          "all_coefficients": {
            "shock_ovi_interaction": -0.05378175829423014,
            "shock_distance_interaction": 0.00030595722985412227,
            "log_gdp": 0.2058553450931401,
            "log_population": -3.0305972507895373
          },
          "all_p_values": {
            "shock_ovi_interaction": 0.8348072104204896,
            "shock_distance_interaction": 0.07031797240687276,
            "log_gdp": 0.28904775940724714,
            "log_population": 0.10378973238915568
          }
        },
        "2": {
          "horizon": 2,
          "theta_coefficient": -0.06202291932960701,
          "theta_std_error": 0.24848663739432553,
          "theta_p_value": 0.8028998886851741,
          "theta_ci_lower": -0.549056728622485,
          "theta_ci_upper": 0.425010889963271,