{
  "analysis_type": "092_final_econometric_model_full_sample",
  "sample_suffix": "_full_sample",
  "sample_description": "full sample",
  "models": {
    "price_channel": {
      "model_name": "model_5a_price_channel_lp_irf",
      "model_type": "price_channel_lp_irf",
      "status": "success",
      "status_message": "价格通道LP-IRF估计成功，5个预测期",
      "horizon_results": {
        "0": {
          "horizon": 0,
          "theta_coefficient": 43.46587832139815,
          "theta_std_error": 16.39147061019431,
          "theta_p_value": 0.008016660630566053,
          "theta_ci_lower": 11.338595925417302,
          "theta_ci_upper": 75.59316071737899,
          "theta_significant": "True",
          "expected_sign_correct": "False",
          "r_squared": 0.007785289017047781,
          "n_obs": 14475,
          "all_coefficients": {
            "shock_ovi_interaction": 43.46587832139815,
            "shock_distance_interaction": -0.01986373355297593,
            "log_gdp": 20.505790180020906,
            "log_population": -39.87362573143057
          },
          "all_p_values": {
            "shock_ovi_interaction": 0.008016660630566053,
            "shock_distance_interaction": 0.034465516412016894,
            "log_gdp": 0.1339065323132167,
            "log_population": 0.277880446211316
          }
        },
        "1": {
          "horizon": 1,
          "theta_coefficient": 42.56234112484676,
          "theta_std_error": 16.085346726985534,
          "theta_p_value": 0.008153103455865507,
          "theta_ci_lower": 11.035061539955112,
          "theta_ci_upper": 74.08962070973841,
          "theta_significant": "True",
          "expected_sign_correct": "False",
          "r_squared": 0.007384450900677297,
          "n_obs": 14435,
          "all_coefficients": {
            "shock_ovi_interaction": 42.56234112484676,
            "shock_distance_interaction": -0.019445819396438455,
            "log_gdp": 19.93116625844613,
            "log_population": -37.93947414719633
          },
          "all_p_values": {
            "shock_ovi_interaction": 0.008153103455865507,
            "shock_distance_interaction": 0.03217951434971189,
            "log_gdp": 0.13815992631311413,
            "log_population": 0.28887264402524004
          }
        },
        "2": {
          "horizon": 2,
          "theta_coefficient": 41.43002607146436,
          "theta_std_error": 15.824255919562084,
          "theta_p_value": 0.008850520658264971,
          "theta_ci_lower": 10.414484469122677,
          "theta_ci_upper": 72.44556767380604,
          "theta_significant": "True",
          "expected_sign_correct": "False",
          "r_squared": 0.006979564420124484,
          "n_obs": 14396,
          "all_coefficients": {
            "shock_ovi_interaction": 41.43002607146436,
            "shock_distance_interaction": -0.01897460936890215,
            "log_gdp": 19.346300607099327,
            "log_population": -36.10502262671174
          },
          "all_p_values": {
            "shock_ovi_interaction": 0.008850520658264971,
            "shock_distance_interaction": 0.030675192764759496,
            "log_gdp": 0.144576392402604,
            "log_population": 0.2999599526139538
          }
        },
        "3": {
          "horizon": 3,
          "theta_coefficient": 40.28928279461176,
          "theta_std_error": 15.639105215510323,
          "theta_p_value": 0.009999586259478832,
          "theta_ci_lower": 9.636636572211525,
          "theta_ci_upper": 70.94192901701199,
          "theta_significant": "True",
          "expected_sign_correct": "False",
          "r_squared": 0.006559572145862114,
          "n_obs": 14356,
          "all_coefficients": {
            "shock_ovi_interaction": 40.28928279461176,
            "shock_distance_interaction": -0.018419197506100656,
            "log_gdp": 18.735887549665637,
            "log_population": -34.3675216920171
          },
          "all_p_values": {
            "shock_ovi_interaction": 0.009999586259478832,
            "shock_distance_interaction": 0.030032027688499552,
            "log_gdp": 0.15362428223339641,
            "log_population": 0.31147937670336745
          }
        },
        "4": {
          "horizon": 4,
          "theta_coefficient": 39.315134876299666,
          "theta_std_error": 15.540742737921217,
          "theta_p_value": 0.011423121820022253,
          "theta_ci_lower": 8.85527910997408,
          "theta_ci_upper": 69.77499064262526,
          "theta_significant": "True",
          "expected_sign_correct": "False",
          "r_squared": 0.006150717561656083,
          "n_obs": 14315,
          "all_coefficients": {
            "shock_ovi_interaction": 39.315134876299666,
            "shock_distance_interaction": -0.017894150568610236,
            "log_gdp": 18.066001406226,
            "log_population": -32.69025965187928
          },
          "all_p_values": {
            "shock_ovi_interaction": 0.011423121820022253,
            "shock_distance_interaction": 0.029533008165671726,
            "log_gdp": 0.16636011127068207,
            "log_population": 0.3234718704071047
          }
        }
      },
      "horizons_estimated": [
        0,
        1,
        2,
        3,
        4
      ],
      "n_horizons": 5,
      "dependent_variable": "P_lng (LNG价格)",
      "core_interaction": "us_prod_shock × ovi_gas_lag1",
      "expected_sign": "negative (缓冲价格冲击)",
      "data_available": true,
      "total_sample_size": 23630
    },
    "quantity_channel": {
      "model_name": "model_5b_quantity_channel_lp_irf",
      "model_type": "quantity_channel_lp_irf",
      "status": "success",
      "status_message": "数量通道LP-IRF估计成功，5个预测期",
      "horizon_results": {
        "0": {
          "horizon": 0,
          "theta_coefficient": -0.2911797577709056,
          "theta_std_error": 0.23369117329026534,
          "theta_p_value": 0.21277829131386738,
          "theta_ci_lower": -0.7492144574198256,
          "theta_ci_upper": 0.16685494187801447,
          "theta_significant": "False",
          "expected_sign_correct": "True",
          "r_squared": 0.0034155762775486265,
          "n_obs": 19861,
          "all_coefficients": {
            "shock_ovi_interaction": -0.2911797577709056,
            "shock_distance_interaction": 0.00022204308310401418,
            "log_gdp": 0.19558413592687657,
            "log_population": -0.6689682377100495
          },
          "all_p_values": {
            "shock_ovi_interaction": 0.21277829131386738,
            "shock_distance_interaction": 0.13323114681459702,
            "log_gdp": 0.17583273937655486,
            "log_population": 0.1632311381493492
          }
        },
        "1": {
          "horizon": 1,
          "theta_coefficient": -0.2720282062496809,
          "theta_std_error": 0.21996071153838678,
          "theta_p_value": 0.21620849482334048,
          "theta_ci_lower": -0.703151200864919,
          "theta_ci_upper": 0.15909478836555718,
          "theta_significant": "False",
          "expected_sign_correct": "True",
          "r_squared": 0.003389559974255718,
          "n_obs": 19809,
          "all_coefficients": {
            "shock_ovi_interaction": -0.2720282062496809,
            "shock_distance_interaction": 0.00021018014483002598,
            "log_gdp": 0.19906088560025584,
            "log_population": -0.6901314513939986
          },
          "all_p_values": {
            "shock_ovi_interaction": 0.21620849482334048,
            "shock_distance_interaction": 0.13138931172463453,
            "log_gdp": 0.1657160047732198,
            "log_population": 0.1506212054576035
          }
        },
        "2": {
          "horizon": 2,
          "theta_coefficient": -0.26188363436825324,
          "theta_std_error": 0.20998362174700508,
          "theta_p_value": 0.21235288879248815,
          "theta_ci_lower": -0.6734515329923831,
          "theta_ci_upper": 0.14968426425587672,