{
  "analysis_type": "092_final_econometric_model",
  "models": {
    "price_channel": {
      "model_name": "model_5a_price_channel_lp_irf",
      "model_type": "price_channel_lp_irf",
      "status": "success",
      "status_message": "价格通道LP-IRF估计成功，5个预测期",
      "horizon_results": {
        "0": {
          "horizon": 0,
          "theta_coefficient": 10.92855645873896,
          "theta_std_error": 10.237326040773656,
          "theta_p_value": 0.28626033548355245,
          "theta_ci_lower": -9.136602581177407,
          "theta_ci_upper": 30.993715498655327,
          "theta_significant": "False",
          "expected_sign_correct": "False",
          "r_squared": 0.035038054144244435,
          "n_obs": 548,
          "all_coefficients": {
            "us_prod_shock": 5.0577553337550665,
            "shock_ovi_interaction": 10.92855645873896,
            "shock_distance_interaction": 0.0003814649706064862,
            "log_gdp": -17.025320044526605,
            "log_population": 34.61792600922784
          },
          "all_p_values": {
            "us_prod_shock": 0.5007604779199306,
            "shock_ovi_interaction": 0.28626033548355245,
            "shock_distance_interaction": 0.7621259737588182,
            "log_gdp": 0.210543107722462,
            "log_population": 0.3561022834792391
          }
        },
        "1": {
          "horizon": 1,
          "theta_coefficient": 35.63410877088715,
          "theta_std_error": 28.665578961974447,
          "theta_p_value": 0.21446513888428242,
          "theta_ci_lower": -20.55042599458276,
          "theta_ci_upper": 91.81864353635706,
          "theta_significant": "False",
          "expected_sign_correct": "False",
          "r_squared": 0.03839777829856306,
          "n_obs": 512,
          "all_coefficients": {
            "us_prod_shock": -7.995971941280215,
            "shock_ovi_interaction": 35.63410877088715,
            "shock_distance_interaction": -0.00027312102238692204,
            "log_gdp": -17.062921375839156,
            "log_population": 34.6592147958084
          },
          "all_p_values": {
            "us_prod_shock": 0.6903229361975982,
            "shock_ovi_interaction": 0.21446513888428242,
            "shock_distance_interaction": 0.9085982373001014,
            "log_gdp": 0.17407535818666653,
            "log_population": 0.36312424872633065
          }
        },
        "2": {
          "horizon": 2,
          "theta_coefficient": -7.161208437271878,
          "theta_std_error": 5.123380729653418,
          "theta_p_value": 0.16291198908110416,
          "theta_ci_lower": -17.203034667392576,
          "theta_ci_upper": 2.8806177928488204,
          "theta_significant": "False",
          "expected_sign_correct": "True",
          "r_squared": 0.046336764489377735,
          "n_obs": 478,
          "all_coefficients": {
            "us_prod_shock": 4.5639904790175425,
            "shock_ovi_interaction": -7.161208437271878,
            "shock_distance_interaction": 0.0016173812530027385,
            "log_gdp": -23.37496503218217,
            "log_population": 49.15938278436333
          },
          "all_p_values": {
            "us_prod_shock": 0.7265772635095114,
            "shock_ovi_interaction": 0.16291198908110416,
            "shock_distance_interaction": 0.3005743791464104,
            "log_gdp": 0.18379330581972497,
            "log_population": 0.34980253616307233
          }
        },
        "3": {
          "horizon": 3,
          "theta_coefficient": -14.565073216616568,
          "theta_std_error": 10.30479859249958,
          "theta_p_value": 0.158310090267761,
          "theta_ci_lower": -34.76247845791575,
          "theta_ci_upper": 5.632332024682608,
          "theta_significant": "False",
          "expected_sign_correct": "True",
          "r_squared": 0.04354400736694308,
          "n_obs": 449,
          "all_coefficients": {
            "us_prod_shock": 12.412194919291633,
            "shock_ovi_interaction": -14.565073216616568,
            "shock_distance_interaction": 0.0008948225703493003,
            "log_gdp": -18.65141466657579,
            "log_population": 29.38776583123259
          },
          "all_p_values": {
            "us_prod_shock": 0.3510931740935701,
            "shock_ovi_interaction": 0.158310090267761,
            "shock_distance_interaction": 0.4801852035100236,
            "log_gdp": 0.08743533628401878,
            "log_population": 0.3881497084572765
          }
        },
        "4": {
          "horizon": 4,
          "theta_coefficient": -18.90676047381815,
          "theta_std_error": 15.77196040784969,
          "theta_p_value": 0.2313956036075453,
          "theta_ci_lower": -49.81980287320354,
          "theta_ci_upper": 12.006281925567244,
          "theta_significant": "False",
          "expected_sign_correct": "True",
          "r_squared": 0.02976869167235152,
          "n_obs": 416,
          "all_coefficients": {
            "us_prod_shock": 24.83793046174016,
            "shock_ovi_interaction": -18.90676047381815,
            "shock_distance_interaction": -0.0011875469745514533,
            "log_gdp": -14.920231220713566,
            "log_population": 27.55768486637678
          },
          "all_p_values": {
            "us_prod_shock": 0.14392562061907,
            "shock_ovi_interaction": 0.2313956036075453,
            "shock_distance_interaction": 0.3048331011491532,
            "log_gdp": 0.11186662339753584,
            "log_population": 0.41395278079471365
          }
        }
      },
      "horizons_estimated": [
        0,
        1,
        2,
        3,
        4
      ],
      "n_horizons": 5,
      "dependent_variable": "P_lng (LNG价格)",
      "core_interaction": "us_prod_shock × ovi_gas_lag1",
      "expected_sign": "negative (缓冲价格冲击)",
      "data_available": true,
      "total_sample_size": 829
    },
    "quantity_channel": {
      "model_name": "model_5b_quantity_channel_lp_irf",
      "model_type": "quantity_channel_lp_irf",
      "status": "success",
      "status_message": "数量通道LP-IRF估计成功，5个预测期",
      "horizon_results": {
        "0": {
          "horizon": 0,
          "theta_coefficient": -1.3454489423851659,
          "theta_std_error": 1.0640505515075565,
          "theta_p_value": 0.20652610669750882,
          "theta_ci_lower": -3.4309880233399763,
          "theta_ci_upper": 0.7400901385696448,
          "theta_significant": "False",
          "expected_sign_correct": "True",
          "r_squared": 0.009994220433795942,
          "n_obs": 698,
          "all_coefficients": {
            "us_prod_shock": 1.2972593254041511,
            "shock_ovi_interaction": -1.3454489423851659,
            "shock_distance_interaction": 0.00012623974513484225,
            "log_gdp": 0.03184158085560145,
            "log_population": -0.3876633008643482
          },
          "all_p_values": {
            "us_prod_shock": 0.4313162249037217,
            "shock_ovi_interaction": 0.20652610669750882,
            "shock_distance_interaction": 0.5073762090391298,
            "log_gdp": 0.6058398570518984,
            "log_population": 0.19780526943186394
          }
        },
        "1": {
          "horizon": 1,
          "theta_coefficient": -0.22902687639064556,
          "theta_std_error": 0.6873545774924914,
          "theta_p_value": 0.739100926303343,
          "theta_ci_lower": -1.5762418482759286,
          "theta_ci_upper": 1.1181880954946375,
          "theta_significant": "False",
          "expected_sign_correct": "True",
          "r_squared": 0.004288089799617922,
          "n_obs": 648,
          "all_coefficients": {
            "us_prod_shock": -1.335227762602866,
            "shock_ovi_interaction": -0.22902687639064556,
            "shock_distance_interaction": 0.00013901281229575978,
            "log_gdp": 0.20387260944080418,
            "log_population": -0.6743750442056878
          },