{
  "comprehensive_resilience": {
    "fixed_effects": {
      "method": "linearmodels_panel",
      "coefficients": {
        "dli_score": -0.04892071337078044
      },
      "std_errors": {
        "dli_score": 0.06914996306705141
      },
      "pvalues": {
        "dli_score": 0.48166445270956704
      },
      "rsquared": 0.004600407584280042,
      "rsquared_within": 0.0029551950360579005,
      "rsquared_between": -0.056263608892064054,
      "nobs": 90,
      "f_statistic": 0.31889517107894805,
      "f_pvalue": 0.5741037095242907,
      "main_coefficient": -0.04892071337078044,
      "main_pvalue": 0.48166445270956704,
      "main_stderr": 0.06914996306705141,
      "confidence_interval": [
        -0.18687111514622945,
        0.08902968840466857
      ]
    },
    "instrumental_variables": {
      "method": "gmm_pinv",
      "coefficients": {
        "dli_score": 1.6469814791926436
      },
      "std_errors": {
        "dli_score": 0.05023969530428928
      },
      "pvalues": {
        "dli_score": 1.6278185901326574
      },
      "rsquared": -1.1501076557201921,
      "nobs": 78,
      "main_coefficient": 1.6469814791926436,
      "main_pvalue": 1.6278185901326574,
      "main_stderr": 0.05023969530428928,
      "instruments_used": [
        "geographic_iv",
        "dli_lag2"
      ],
      "note": "GMM备选估计，使用伪逆处理矩阵奇异性"
    },
    "robustness_checks": {
      "outlier_test": {
        "outliers_removed": 